{
  "error_category_breakdown": {
    "categories": [
      "incorrect_quantitative_operation",
      "wrong_table",
      "wrong_unit"
    ],
    "rows": [
      {
        "error_category": "incorrect_quantitative_operation",
        "traditional_rag": 0.5043636363636363,
        "agentic_multi_tool": 0.5043636363636363,
        "delta_agentic_minus_rag": 0.0
      },
      {
        "error_category": "wrong_table",
        "traditional_rag": 0.12654545454545454,
        "agentic_multi_tool": 0.12654545454545454,
        "delta_agentic_minus_rag": 0.0
      },
      {
        "error_category": "wrong_unit",
        "traditional_rag": 0.0007272727272727272,
        "agentic_multi_tool": 0.0007272727272727272,
        "delta_agentic_minus_rag": 0.0
      }
    ]
  },
  "question_type_breakdown": {
    "extractive": {
      "n_samples": 2005.0,
      "traditional_rag": {
        "exact_match": 0.43591022443890276,
        "citation_precision": 0.6209476309226932,
        "faithfulness": 0.8104738154613467,
        "error_rates": {
          "incorrect_quantitative_operation": 0.5366583541147132,
          "wrong_table": 0.09326683291770574,
          "wrong_unit": 0.000997506234413965
        }
      },
      "agentic_multi_tool": {
        "exact_match": 0.43591022443890276,
        "citation_precision": 0.6209476309226932,
        "faithfulness": 0.8104738154613467,
        "error_rates": {
          "incorrect_quantitative_operation": 0.5366583541147132,
          "wrong_table": 0.09326683291770574,
          "wrong_unit": 0.000997506234413965
        }
      },
      "delta_agentic_minus_rag": {
        "exact_match": 0.0,
        "citation_precision": 0.0,
        "faithfulness": 0.0,
        "error_rates": {
          "incorrect_quantitative_operation": 0.0,
          "wrong_table": 0.0,
          "wrong_unit": 0.0
        }
      }
    },
    "relational": {
      "n_samples": 248.0,
      "traditional_rag": {
        "exact_match": 0.35080645161290325,
        "citation_precision": 0.41935483870967744,
        "faithfulness": 0.7096774193548387,
        "error_rates": {
          "incorrect_quantitative_operation": 0.375,
          "wrong_table": 0.2903225806451613,
          "wrong_unit": 0.0
        }
      },
      "agentic_multi_tool": {
        "exact_match": 0.35080645161290325,
        "citation_precision": 0.41935483870967744,
        "faithfulness": 0.7096774193548387,
        "error_rates": {
          "incorrect_quantitative_operation": 0.375,
          "wrong_table": 0.2903225806451613,
          "wrong_unit": 0.0
        }
      },
      "delta_agentic_minus_rag": {
        "exact_match": 0.0,
        "citation_precision": 0.0,
        "faithfulness": 0.0,
        "error_rates": {
          "incorrect_quantitative_operation": 0.0,
          "wrong_table": 0.0,
          "wrong_unit": 0.0
        }
      }
    },
    "quantitative": {
      "n_samples": 266.0,
      "traditional_rag": {
        "exact_match": 0.2556390977443609,
        "citation_precision": 0.3609022556390977,
        "faithfulness": 0.6804511278195489,
        "error_rates": {
          "incorrect_quantitative_operation": 0.7406015037593985,
          "wrong_table": 0.24060150375939848,
          "wrong_unit": 0.0
        }
      },
      "agentic_multi_tool": {
        "exact_match": 0.2556390977443609,
        "citation_precision": 0.3609022556390977,
        "faithfulness": 0.6804511278195489,
        "error_rates": {
          "incorrect_quantitative_operation": 0.7406015037593985,
          "wrong_table": 0.24060150375939848,
          "wrong_unit": 0.0
        }
      },
      "delta_agentic_minus_rag": {
        "exact_match": 0.0,
        "citation_precision": 0.0,
        "faithfulness": 0.0,
        "error_rates": {
          "incorrect_quantitative_operation": 0.0,
          "wrong_table": 0.0,
          "wrong_unit": 0.0
        }
      }
    },
    "multistep": {
      "n_samples": 231.0,
      "traditional_rag": {
        "exact_match": 0.11255411255411256,
        "citation_precision": 0.6320346320346321,
        "faithfulness": 0.816017316017316,
        "error_rates": {
          "incorrect_quantitative_operation": 0.09090909090909091,
          "wrong_table": 0.10822510822510822,
          "wrong_unit": 0.0
        }
      },
      "agentic_multi_tool": {
        "exact_match": 0.09956709956709957,
        "citation_precision": 0.6320346320346321,
        "faithfulness": 0.816017316017316,
        "error_rates": {
          "incorrect_quantitative_operation": 0.09090909090909091,
          "wrong_table": 0.10822510822510822,
          "wrong_unit": 0.0
        }
      },
      "delta_agentic_minus_rag": {
        "exact_match": -0.012987012987012991,
        "citation_precision": 0.0,
        "faithfulness": 0.0,
        "error_rates": {
          "incorrect_quantitative_operation": 0.0,
          "wrong_table": 0.0,
          "wrong_unit": 0.0
        }
      }
    }
  },
  "insights": {
    "largest_gain_type": "none (no positive gain)",
    "largest_drop_type": "multistep",
    "types_with_gain": [],
    "types_with_no_change": [
      "extractive",
      "quantitative",
      "relational"
    ],
    "multistep_delta_em": -0.012987012987012991,
    "extractive_delta_em": 0.0
  }
}