{
  "agentic_tools_ablation": {
    "agentic_multi_tool": {
      "n_samples": 2750.0,
      "exact_match": 0.3825454545454545,
      "exact_match_ci_low": 0.3650909090909091,
      "exact_match_ci_high": 0.4007272727272727,
      "numeric_relative_error": 79394.68423726367,
      "citation_precision": 0.5785454545454546,
      "citation_precision_ci_low": 0.5596363636363636,
      "citation_precision_ci_high": 0.5974545454545455,
      "citation_recall": 0.5785454545454546,
      "faithfulness": 0.7892727272727272,
      "faithfulness_ci_low": 0.7798181818181819,
      "faithfulness_ci_high": 0.7987272727272727,
      "transparency": 1.0,
      "latency_ms": 1.9059095079999964,
      "avg_prompt_tokens": 0.0,
      "avg_completion_tokens": 0.0,
      "avg_embedding_tokens": 0.0,
      "avg_tool_calls": 3.0,
      "avg_cost_usd_per_sample": 0.0,
      "total_cost_usd": 0.0,
      "latency_planning_ms": 0.00032721272727289437,
      "latency_retrieval_ms": 1.6407678981818143,
      "latency_tool_execution_ms": 0.003966182909092695,
      "latency_synthesis_ms": 0.0,
      "error_rate.incorrect_quantitative_operation": 0.5043636363636363,
      "error_rate.miscitation": 0.42145454545454547,
      "error_rate.wrong_table": 0.12654545454545454,
      "error_rate.wrong_unit": 0.0007272727272727272
    },
    "agentic_multi_tool_no_tools": {
      "n_samples": 2750.0,
      "exact_match": 0.3825454545454545,
      "exact_match_ci_low": 0.3650909090909091,
      "exact_match_ci_high": 0.4007272727272727,
      "numeric_relative_error": 79394.68423726367,
      "citation_precision": 0.5785454545454546,
      "citation_precision_ci_low": 0.5596363636363636,
      "citation_precision_ci_high": 0.5974545454545455,
      "citation_recall": 0.5785454545454546,
      "faithfulness": 0.7892727272727272,
      "faithfulness_ci_low": 0.7798181818181819,
      "faithfulness_ci_high": 0.7987272727272727,
      "transparency": 1.0,
      "latency_ms": 1.8575186803636592,
      "avg_prompt_tokens": 0.0,
      "avg_completion_tokens": 0.0,
      "avg_embedding_tokens": 0.0,
      "avg_tool_calls": 0.0,
      "avg_cost_usd_per_sample": 0.0,
      "total_cost_usd": 0.0,
      "latency_planning_ms": 0.0003081789091064541,
      "latency_retrieval_ms": 1.59366910036361,
      "latency_tool_execution_ms": 0.003575436363630305,
      "latency_synthesis_ms": 0.0,
      "error_rate.incorrect_quantitative_operation": 0.5043636363636363,
      "error_rate.miscitation": 0.42145454545454547,
      "error_rate.wrong_table": 0.12654545454545454,
      "error_rate.wrong_unit": 0.0007272727272727272
    },
    "delta_full_minus_no_tools": {
      "exact_match": 0.0,
      "citation_precision": 0.0,
      "faithfulness": 0.0,
      "latency_ms": 0.048390827636337175,
      "avg_tool_calls": 3.0
    }
  },
  "retrieval_rerank_ablation": {
    "traditional_rag_raw_retrieval": {
      "n_samples": 2750.0,
      "exact_match": 0.5418181818181819,
      "exact_match_ci_low": 0.5243636363636364,
      "exact_match_ci_high": 0.5610909090909091,
      "numeric_relative_error": 54472.122443365166,
      "citation_precision": 0.8330909090909091,
      "citation_precision_ci_low": 0.8192727272727273,
      "citation_precision_ci_high": 0.8476363636363636,
      "citation_recall": 0.8330909090909091,
      "faithfulness": 0.9161818181818182,
      "faithfulness_ci_low": 0.9092727272727272,
      "faithfulness_ci_high": 0.9232727272727272,
      "transparency": 1.0,
      "latency_ms": 4.209732895272783,
      "avg_prompt_tokens": 0.0,
      "avg_completion_tokens": 0.0,
      "avg_embedding_tokens": 0.0,
      "avg_tool_calls": 0.0,
      "avg_cost_usd_per_sample": 0.0,
      "total_cost_usd": 0.0,
      "latency_planning_ms": 0.00017017381819848444,
      "latency_retrieval_ms": 4.195982589818185,
      "latency_tool_execution_ms": 0.0,
      "latency_synthesis_ms": 0.005015088727271239,
      "error_rate.incorrect_quantitative_operation": 0.36072727272727273,
      "error_rate.miscitation": 0.1669090909090909,
      "error_rate.wrong_table": 0.024,
      "error_rate.wrong_unit": 0.076,
      "error_rate.wrong_year": 0.05672727272727273
    },
    "traditional_rag_reranked": {
      "n_samples": 2750.0,
      "exact_match": 0.3836363636363636,
      "exact_match_ci_low": 0.36654545454545456,
      "exact_match_ci_high": 0.4018181818181818,
      "numeric_relative_error": 79295.27520023871,
      "citation_precision": 0.5785454545454546,
      "citation_precision_ci_low": 0.5596363636363636,
      "citation_precision_ci_high": 0.5974545454545455,
      "citation_recall": 0.5785454545454546,
      "faithfulness": 0.7892727272727272,
      "faithfulness_ci_low": 0.7798181818181819,
      "faithfulness_ci_high": 0.7987272727272727,
      "transparency": 1.0,
      "latency_ms": 1.6534421894546112,
      "avg_prompt_tokens": 0.0,
      "avg_completion_tokens": 0.0,
      "avg_embedding_tokens": 0.0,
      "avg_tool_calls": 0.0,
      "avg_cost_usd_per_sample": 0.0,
      "total_cost_usd": 0.0,
      "latency_planning_ms": 0.00015027090910280094,
      "latency_retrieval_ms": 1.6433255599999628,
      "latency_tool_execution_ms": 0.0,
      "latency_synthesis_ms": 0.0026999650909441575,
      "error_rate.incorrect_quantitative_operation": 0.5043636363636363,
      "error_rate.miscitation": 0.42145454545454547,
      "error_rate.wrong_table": 0.12654545454545454,
      "error_rate.wrong_unit": 0.0007272727272727272
    },
    "delta_reranked_minus_raw": {
      "exact_match": -0.15818181818181826,
      "citation_precision": -0.2545454545454545,
      "faithfulness": -0.12690909090909097,
      "latency_ms": -2.5562907058181716
    }
  }
}