{
  "traditional_rag": {
    "n_samples": 2750.0,
    "exact_match": 0.9992727272727273,
    "numeric_relative_error": 0.0,
    "citation_precision": 0.699490909090909,
    "citation_recall": 1.0,
    "faithfulness": 0.7994181818181819,
    "transparency": 1.0,
    "latency_ms": 0.005603851272727425,
    "error_rate.miscitation": 0.0007272727272727272,
    "error_rate.unsupported_claim": 0.0007272727272727272
  },
  "agentic_multi_tool": {
    "n_samples": 2750.0,
    "exact_match": 0.9992727272727273,
    "numeric_relative_error": 0.0,
    "citation_precision": 0.8993454545454546,
    "citation_recall": 1.0,
    "faithfulness": 0.9493090909090909,
    "transparency": 1.0,
    "latency_ms": 0.2543939741818177,
    "error_rate.miscitation": 0.0007272727272727272,
    "error_rate.unsupported_claim": 0.0007272727272727272
  }
}