{
  "agentic_multi_tool": {
    "n_samples": 2750.0,
    "exact_match": 0.49672727272727274,
    "exact_match_ci_low": 0.4778181818181818,
    "exact_match_ci_high": 0.5152727272727273,
    "numeric_relative_error": 0.7256500429780325,
    "citation_precision": 0.5421212121212121,
    "citation_precision_ci_low": 0.5232727272727272,
    "citation_precision_ci_high": 0.5614545454545454,
    "citation_recall": 0.568,
    "faithfulness": 0.6961818181818182,
    "faithfulness_ci_low": 0.6841818181818182,
    "faithfulness_ci_high": 0.7090909090909091,
    "transparency": 1.0,
    "latency_ms": 2.2209229967272637,
    "avg_prompt_tokens": 0.0,
    "avg_completion_tokens": 0.0,
    "avg_embedding_tokens": 0.0,
    "avg_tool_calls": 4.0,
    "avg_cost_usd_per_sample": 0.0,
    "total_cost_usd": 0.0,
    "latency_planning_ms": 0.00019281381818628515,
    "latency_retrieval_ms": 1.8414714505454524,
    "latency_tool_execution_ms": 0.028104586909092386,
    "latency_synthesis_ms": 0.0,
    "error_rate.incorrect_quantitative_operation": 0.416,
    "error_rate.miscitation": 0.47054545454545454,
    "error_rate.unsupported_claim": 0.10654545454545454,
    "error_rate.wrong_table": 0.07818181818181819,
    "error_rate.wrong_unit": 0.0007272727272727272
  },
  "agentic_multi_tool_no_tools": {
    "n_samples": 2750.0,
    "exact_match": 0.35745454545454547,
    "exact_match_ci_low": 0.34036363636363637,
    "exact_match_ci_high": 0.3749090909090909,
    "numeric_relative_error": 0.9469618813685599,
    "citation_precision": 0.5259393939393939,
    "citation_precision_ci_low": 0.5076969696969696,
    "citation_precision_ci_high": 0.5449090909090909,
    "citation_recall": 0.5658181818181818,
    "faithfulness": 0.7090909090909091,
    "faithfulness_ci_low": 0.6981818181818182,
    "faithfulness_ci_high": 0.722,
    "transparency": 1.0,
    "latency_ms": 2.2241101839999957,
    "avg_prompt_tokens": 0.0,
    "avg_completion_tokens": 0.0,
    "avg_embedding_tokens": 0.0,
    "avg_tool_calls": 0.0,
    "avg_cost_usd_per_sample": 0.0,
    "total_cost_usd": 0.0,
    "latency_planning_ms": 0.00019676036365271185,
    "latency_retrieval_ms": 1.8295691199999886,
    "latency_tool_execution_ms": 0.033656878909106715,
    "latency_synthesis_ms": 0.0,
    "error_rate.incorrect_quantitative_operation": 0.521090909090909,
    "error_rate.miscitation": 0.4869090909090909,
    "error_rate.unsupported_claim": 0.06618181818181817,
    "error_rate.wrong_table": 0.07672727272727273,
    "error_rate.wrong_unit": 0.0007272727272727272
  }
}