{
  "traditional_rag": {
    "n_samples": 2750.0,
    "exact_match": 0.37672727272727274,
    "exact_match_ci_low": 0.35963636363636364,
    "exact_match_ci_high": 0.3952727272727273,
    "numeric_relative_error": 81413.88380140372,
    "citation_precision": 0.5701818181818182,
    "citation_precision_ci_low": 0.5512727272727272,
    "citation_precision_ci_high": 0.5890909090909091,
    "citation_recall": 0.5701818181818182,
    "faithfulness": 0.7850909090909091,
    "faithfulness_ci_low": 0.7756363636363637,
    "faithfulness_ci_high": 0.7945454545454546,
    "transparency": 1.0,
    "latency_ms": 1.5975313596363645,
    "avg_prompt_tokens": 0.0,
    "avg_completion_tokens": 0.0,
    "avg_embedding_tokens": 0.0,
    "avg_tool_calls": 0.0,
    "avg_cost_usd_per_sample": 0.0,
    "total_cost_usd": 0.0,
    "latency_planning_ms": 0.0001365309090912703,
    "latency_retrieval_ms": 1.5870369654545453,
    "latency_tool_execution_ms": 0.0,
    "latency_synthesis_ms": 0.0026019170909114694,
    "error_rate.incorrect_quantitative_operation": 0.5105454545454545,
    "error_rate.miscitation": 0.4298181818181818,
    "error_rate.wrong_table": 0.12654545454545454,
    "error_rate.wrong_unit": 0.0007272727272727272
  },
  "agentic_multi_tool": {
    "n_samples": 2750.0,
    "exact_match": 0.4152727272727273,
    "exact_match_ci_low": 0.39636363636363636,
    "exact_match_ci_high": 0.4338181818181818,
    "numeric_relative_error": 56190.490197448264,
    "citation_precision": 0.5388484848484848,
    "citation_precision_ci_low": 0.5203636363636364,
    "citation_precision_ci_high": 0.5586666666666666,
    "citation_recall": 0.5647272727272727,
    "faithfulness": 0.69,
    "faithfulness_ci_low": 0.6769090909090909,
    "faithfulness_ci_high": 0.7034545454545454,
    "transparency": 1.0,
    "latency_ms": 1.9649812698181768,
    "avg_prompt_tokens": 0.0,
    "avg_completion_tokens": 0.0,
    "avg_embedding_tokens": 0.0,
    "avg_tool_calls": 4.0,
    "avg_cost_usd_per_sample": 0.0,
    "total_cost_usd": 0.0,
    "latency_planning_ms": 0.0001785483636722192,
    "latency_retrieval_ms": 1.634447815999967,
    "latency_tool_execution_ms": 0.0029745058181679888,
    "latency_synthesis_ms": 0.0,
    "error_rate.incorrect_quantitative_operation": 0.4527272727272727,
    "error_rate.miscitation": 0.4738181818181818,
    "error_rate.unsupported_claim": 0.13527272727272727,
    "error_rate.wrong_table": 0.12654545454545454,
    "error_rate.wrong_unit": 0.0007272727272727272
  }
}